{
  "version": "0.3.14-fixed",
  "steps": [
    {
      "tag": "CreateSource",
      "source": "db"
    },
    {
      "tag": "CreateArgument",
      "location": {
        "tag": "Source",
        "source": "db"
      },
      "argument": "provider",
      "value": "\"postgresql\""
    },
    {
      "tag": "CreateArgument",
      "location": {
        "tag": "Source",
        "source": "db"
      },
      "argument": "url",
      "value": "\"***\""
    },
    {
      "tag": "CreateModel",
      "model": "Toilet"
    },
    {
      "tag": "CreateField",
      "model": "Toilet",
      "field": "id",
      "type": "Int",
      "arity": "Required"
    },
    {
      "tag": "CreateDirective",
      "location": {
        "path": {
          "tag": "Field",
          "model": "Toilet",
          "field": "id"
        },
        "directive": "id"
      }
    },
    {
      "tag": "CreateDirective",
      "location": {
        "path": {
          "tag": "Field",
          "model": "Toilet",
          "field": "id"
        },
        "directive": "default"
      }
    },
    {
      "tag": "CreateArgument",
      "location": {
        "tag": "Directive",
        "path": {
          "tag": "Field",
          "model": "Toilet",
          "field": "id"
        },
        "directive": "default"
      },
      "argument": "",
      "value": "autoincrement()"
    },
    {
      "tag": "CreateField",
      "model": "Toilet",
      "field": "userId",
      "type": "String",
      "arity": "Required"
    },
    {
      "tag": "CreateField",
      "model": "Toilet",
      "field": "image",
      "type": "String",
      "arity": "Required"
    },
    {
      "tag": "CreateField",
      "model": "Toilet",
      "field": "latitude",
      "type": "Float",
      "arity": "Required"
    },
    {
      "tag": "CreateField",
      "model": "Toilet",
      "field": "longitude",
      "type": "Float",
      "arity": "Required"
    },
    {
      "tag": "CreateField",
      "model": "Toilet",
      "field": "rating",
      "type": "Float",
      "arity": "Required"
    },
    {
      "tag": "CreateField",
      "model": "Toilet",
      "field": "handicap",
      "type": "Boolean",
      "arity": "Required"
    },
    {
      "tag": "CreateDirective",
      "location": {
        "path": {
          "tag": "Field",
          "model": "Toilet",
          "field": "handicap"
        },
        "directive": "default"
      }
    },
    {
      "tag": "CreateArgument",
      "location": {
        "tag": "Directive",
        "path": {
          "tag": "Field",
          "model": "Toilet",
          "field": "handicap"
        },
        "directive": "default"
      },
      "argument": "",
      "value": "false"
    },
    {
      "tag": "CreateField",
      "model": "Toilet",
      "field": "babyroom",
      "type": "Boolean",
      "arity": "Required"
    },
    {
      "tag": "CreateDirective",
      "location": {
        "path": {
          "tag": "Field",
          "model": "Toilet",
          "field": "babyroom"
        },
        "directive": "default"
      }
    },
    {
      "tag": "CreateArgument",
      "location": {
        "tag": "Directive",
        "path": {
          "tag": "Field",
          "model": "Toilet",
          "field": "babyroom"
        },
        "directive": "default"
      },
      "argument": "",
      "value": "false"
    },
    {
      "tag": "CreateField",
      "model": "Toilet",
      "field": "createdAt",
      "type": "DateTime",
      "arity": "Required"
    },
    {
      "tag": "CreateDirective",
      "location": {
        "path": {
          "tag": "Field",
          "model": "Toilet",
          "field": "createdAt"
        },
        "directive": "default"
      }
    },
    {
      "tag": "CreateArgument",
      "location": {
        "tag": "Directive",
        "path": {
          "tag": "Field",
          "model": "Toilet",
          "field": "createdAt"
        },
        "directive": "default"
      },
      "argument": "",
      "value": "now()"
    },
    {
      "tag": "CreateDirective",
      "location": {
        "path": {
          "tag": "Field",
          "model": "Toilet",
          "field": "createdAt"
        },
        "directive": "map"
      }
    },
    {
      "tag": "CreateArgument",
      "location": {
        "tag": "Directive",
        "path": {
          "tag": "Field",
          "model": "Toilet",
          "field": "createdAt"
        },
        "directive": "map"
      },
      "argument": "name",
      "value": "\"created_at\""
    },
    {
      "tag": "CreateField",
      "model": "Toilet",
      "field": "updatedAt",
      "type": "DateTime",
      "arity": "Required"
    },
    {
      "tag": "CreateDirective",
      "location": {
        "path": {
          "tag": "Field",
          "model": "Toilet",
          "field": "updatedAt"
        },
        "directive": "default"
      }
    },
    {
      "tag": "CreateArgument",
      "location": {
        "tag": "Directive",
        "path": {
          "tag": "Field",
          "model": "Toilet",
          "field": "updatedAt"
        },
        "directive": "default"
      },
      "argument": "",
      "value": "now()"
    },
    {
      "tag": "CreateDirective",
      "location": {
        "path": {
          "tag": "Field",
          "model": "Toilet",
          "field": "updatedAt"
        },
        "directive": "map"
      }
    },
    {
      "tag": "CreateArgument",
      "location": {
        "tag": "Directive",
        "path": {
          "tag": "Field",
          "model": "Toilet",
          "field": "updatedAt"
        },
        "directive": "map"
      },
      "argument": "name",
      "value": "\"updated_at\""
    },
    {
      "tag": "CreateDirective",
      "location": {
        "path": {
          "tag": "Model",
          "model": "Toilet"
        },
        "directive": "map"
      }
    },
    {
      "tag": "CreateArgument",
      "location": {
        "tag": "Directive",
        "path": {
          "tag": "Model",
          "model": "Toilet"
        },
        "directive": "map"
      },
      "argument": "name",
      "value": "\"toilets\""
    },
    {
      "tag": "CreateDirective",
      "location": {
        "path": {
          "tag": "Model",
          "model": "Toilet",
          "arguments": [
            {
              "name": "",
              "value": "[userId]"
            },
            {
              "name": "name",
              "value": "\"toilets.userId\""
            }
          ]
        },
        "directive": "index"
      }
    }
  ]
}